Workbook

Sheet Cover
A1: GRAC Asset & Contract Management -- UAT Test Cases (Phase 9)
A3: Module | B3: Asset & Contract Management (BRD v1.7), migrations 420-453
A4: Scope | B4: Permissions and organization isolation, workflows, reconciliation, report catalogue / export / distribution, regression of every asset screen.
A5: Depth | B5: Functional happy paths plus negative, segregation-of-duties, data-scope and reconciliation cases.
A6: Scripts | B6: database/deployment/16_UAT_Diagnostics_AssetContract.sql (read-only) and 17_Asset_Contract_Regression_Tests.sql (UAT only).
A7: Prepared | B7: Draft for UAT -- fill Status (Pass / Fail / Blocked) and Remarks per execution run.
A9: Legend
A10: Type | B10: Functional, Negative, Validation, Permission, SoD (segregation of duties), Isolation, Data scope, Reconciliation, Security, Regression
A11: Priority | B11: High = core flow / blocks UAT if broken; Medium = important, has a workaround; Low = cosmetic
A12: Status | B12: Edit only column J of each sheet: Pass / Fail / Blocked (blank = not run). The summary below counts them.
A14: Summary
A15: Sheet | B15: Cases | C15: Pass | D15: Fail | E15: Blocked | F15: Not run
A16: AC Permissions | B16: =COUNTA('AC Permissions'!A4:A500) -> 18 | C16: =COUNTIF('AC Permissions'!J4:J500,"Pass") -> 0 | D16: =COUNTIF('AC Permissions'!J4:J500,"Fail") -> 0 | E16: =COUNTIF('AC Permissions'!J4:J500,"Blocked") -> 0 | F16: =B16-C16-D16-E16 -> 18
A17: AC Workflows | B17: =COUNTA('AC Workflows'!A4:A500) -> 13 | C17: =COUNTIF('AC Workflows'!J4:J500,"Pass") -> 0 | D17: =COUNTIF('AC Workflows'!J4:J500,"Fail") -> 0 | E17: =COUNTIF('AC Workflows'!J4:J500,"Blocked") -> 0 | F17: =B17-C17-D17-E17 -> 13
A18: AC Reconciliation | B18: =COUNTA('AC Reconciliation'!A4:A500) -> 10 | C18: =COUNTIF('AC Reconciliation'!J4:J500,"Pass") -> 0 | D18: =COUNTIF('AC Reconciliation'!J4:J500,"Fail") -> 0 | E18: =COUNTIF('AC Reconciliation'!J4:J500,"Blocked") -> 0 | F18: =B18-C18-D18-E18 -> 10
A19: AC Reports & Delivery | B19: =COUNTA('AC Reports & Delivery'!A4:A500) -> 13 | C19: =COUNTIF('AC Reports & Delivery'!J4:J500,"Pass") -> 0 | D19: =COUNTIF('AC Reports & Delivery'!J4:J500,"Fail") -> 0 | E19: =COUNTIF('AC Reports & Delivery'!J4:J500,"Blocked") -> 0 | F19: =B19-C19-D19-E19 -> 13
A20: AC Regression | B20: =COUNTA('AC Regression'!A4:A500) -> 20 | C20: =COUNTIF('AC Regression'!J4:J500,"Pass") -> 0 | D20: =COUNTIF('AC Regression'!J4:J500,"Fail") -> 0 | E20: =COUNTIF('AC Regression'!J4:J500,"Blocked") -> 0 | F20: =B20-C20-D20-E20 -> 20
A21: Total | B21: =SUM(B16:B20) -> 74 | C21: =SUM(C16:C20) -> 0 | D21: =SUM(D16:D20) -> 0 | E21: =SUM(E16:E20) -> 0 | F21: =SUM(F16:F20) -> 74

Sheet AC Permissions
A1: Asset & Contract -- permissions and organization isolation
A2: Who may open, change and approve each screen; the Web proxy and the procedures refuse the rest (403 / error number).
A3: TC ID | B3: Screen / Menu | C3: Scenario | D3: Type | E3: Priority | F3: Pre-conditions | G3: Test Steps | H3: Test Data | I3: Expected Result | J3: Status | K3: Remarks
A4: ACP-001 | B4: All asset screens | C4: Screen hidden without VIEW | D4: Permission | E4: High | F4: Role without VIEW on Asset Register | G4: 1. Remove asset-register VIEW in Role Master 2. Re-login 3. Open the Asset & Contract menu | H4: Test role | I4: Asset Register is not in the menu; opening /Practice/Index/asset-register directly is refused.
A5: ACP-002 | B5: All asset screens | C5: Other organization refused | D5: Isolation | E5: High | F5: User mapped to organization A only | G5: 1. Call a list URL of any asset screen with organizationId of organization B (browser address bar / dev tools) | H5: organizationId of B | I5: HTTP 403 "Caller is not authorised for the requested organization."; no rows of B appear.
A6: ACP-003 | B6: Asset Register | C6: New asset needs ADD, change needs EDIT | D6: Permission | E6: High | F6: Role with VIEW + EDIT, no ADD | G6: 1. Try to create an asset 2. Edit an existing asset | H6: - | I6: Create refused (403); edit saved.
A7: ACP-004 | B7: Asset Register | C7: Lifecycle approval needs APPROVE | D7: Permission | E7: High | F7: Lifecycle change awaiting approval; role with EDIT, no APPROVE | G7: 1. Open the pending change 2. Approve | H7: - | I7: Approve / Reject refused (403); Cancel allowed with EDIT.
A8: ACP-005 | B8: Asset Register | C8: Valuation method override needs APPROVE | D8: Permission | E8: Medium | F8: Asset with Asset Value; role with EDIT only | G8: 1. Valuation tab -> override method | H8: - | I8: Refused (403); Recalculate (EDIT) allowed.
A9: ACP-006 | B9: Asset Attestation | C9: Only the assignee responds; only the manager decides | D9: Permission | E9: High | F9: Attestation assigned to employee X; manager M | G9: 1. As another employee with VIEW, respond 2. As X respond 3. As someone other than M approve | H9: - | I9: Step 1 refused by the procedure; step 2 saved; step 3 refused. Cancel needs APPROVE.
A10: ACP-007 | B10: Asset Attestation | C10: Exception approve / reassign need APPROVE; investigator actions only by the investigator | D10: Permission | E10: High | F10: Open verification exception with an investigator | G10: 1. As a non-investigator with VIEW, start investigation 2. As investigator start 3. Approve resolution without APPROVE | H10: - | I10: 1 refused, 2 saved, 3 refused (403).
A11: ACP-008 | B11: Asset Contracts | C11: Segregation of duties on contract versions | D11: SoD | E11: High | F11: Version submitted by user S | G11: 1. As S review / approve the version 2. As another user with APPROVE approve | H11: - | I11: S is refused by the procedure; the other user approves.
A12: ACP-009 | B12: Asset Contracts | C12: Vendor contact validation by someone other than the creator | D12: SoD | E12: Medium | F12: Contact mapping created by C | G12: 1. As C validate 2. As another user with APPROVE validate | H12: - | I12: C refused; other user validates.
A13: ACP-010 | B13: Asset Relationships | C13: Proposal ADD, change EDIT, approval APPROVE (not the proposer) | D13: SoD | E13: High | F13: Relationship proposed by P | G13: 1. As P approve 2. As another approver approve | H13: - | I13: P refused; approval by another user activates it.
A14: ACP-011 | B14: Asset Discovery | C14: Accept observed value needs APPROVE; execute merge needs Asset Register EDIT | D14: Permission | E14: High | F14: Open conflict; approved merge | G14: 1. Accept observed value with EDIT only 2. Execute merge without asset-register EDIT | H14: - | I14: Both refused (403).
A15: ACP-012 | B15: Asset Privacy | C15: Privacy exception approve needs APPROVE; Extend outcome needs APPROVE | D15: Permission | E15: High | F15: Exception requested by R; open retention review | G15: 1. As R approve 2. Complete review with Extend without APPROVE | H15: - | I15: 1 refused (segregation), 2 refused (403); other outcomes with EDIT saved.
... A21: ACP-018 | B21: Asset Reports | C21: View Data Scope applies to report grid and export | D21: Data scope | E21: High | F21: Role with a restricted View Data Scope on risks | G21: 1. Run Inherent/Residual Risk 2. Export it | H21: - | I21: Grid and file show only risks in the scope; the counts match.

Sheet AC Workflows
A1: Asset & Contract -- workflows end to end
A2: Life cycles that cross screens and people; each step leaves an audit row (practice_audit_trace / history tabs).
A3: TC ID | B3: Screen / Menu | C3: Scenario | D3: Type | E3: Priority | F3: Pre-conditions | G3: Test Steps | H3: Test Data | I3: Expected Result | J3: Status | K3: Remarks
A4: ACW-001 | B4: Asset Register | C4: Register an asset from Draft to Active | D4: Functional | E4: High | F4: Asset type with an approved form template | G4: 1. New asset -> fill mandatory fields -> Save 2. Transition to Active (approval if the gate needs it) | H4: Asset type with template | I4: Asset saved in Draft; mandatory-field check blocks incomplete moves; Active after approval; history shows each move.
A5: ACW-002 | B5: Asset Register | C5: Lifecycle gate blocks a move | D5: Validation | E5: High | F5: Asset with a BLOCK privacy gap or an active critical relationship | G5: 1. Move to Active (privacy) or Disposed (relationship) | H5: - | I5: Move refused with the reason naming the gate.
A6: ACW-003 | B6: Asset Attestation | C6: Periodic attestation to closure | D6: Functional | E6: High | F6: Attestation profile for the asset type; asset with custodian | G6: 1. Generate (campaign) 2. Assignee confirms 3. Manager approves | H6: - | I6: Pending -> Confirmed -> Closed; next attestation date set; overdue occurrences show Overdue after the due date.
A7: ACW-004 | B7: Asset Attestation | C7: Disagreement raises a verification exception | D7: Functional | E7: High | F7: Open attestation | G7: 1. Respond Disagree, category Asset lost 2. Investigator resolves with Lost confirmed 3. Approver approves; close | H7: - | I7: Exception routed per rule; SLA dates; lost-asset security review required before closure; asset can move to Lost.
A8: ACW-005 | B8: Asset Contracts | C8: Contract version to Active and renewal | D8: Functional | E8: High | F8: Vendor, coverage type option | G8: 1. Create contract and version, submit, review, approve (different users) 2. Effective start reached (scheduler) 3. Renewal opens at the notice date | H8: - | I8: Version Active on its start date; previous version superseded; renewal occurrence opened and approvable.
A9: ACW-006 | B9: Asset Contracts | C9: Coverage requirement gap | D9: Functional | E9: Medium | F9: Coverage requirement REQUIRED for an asset type | G9: 1. Asset of that type without coverage 2. Add a contract covering it | H9: - | I9: Gap listed (Missing), then cleared when covered; Short when shorter than the minimum period.
A10: ACW-007 | B10: Asset Notifications | C10: Reminder and escalation | D10: Functional | E10: Medium | F10: Notification profile for contract expiry with stages | G10: 1. Contract ending inside the first stage 2. Run the scheduler | H10: - | I10: Occurrence opened; in-app notice in My Notifications; escalation level rises per stage; snooze needs the configured role.
A11: ACW-008 | B11: Asset Activities | C11: Calibration result with failed outcome | D11: Functional | E11: Medium | F11: Recurring calibration activity | G11: 1. Complete with Failed result 2. Review the restrictive-use review | H11: - | I11: Disposition required; restrictive-use review opened; reviewer other than submitter.
A12: ACW-009 | B12: Asset Relationships / Business Services | C12: Service with supporting items | D12: Functional | E12: Medium | F12: Business service | G12: 1. Map assets as Supports Service 2. Approve relationships 3. Retire an asset that is a critical dependency | H12: - | I12: Topology shows items; retirement blocked until accepted.
A13: ACW-010 | B13: Asset Discovery | C13: Ingest a batch and reconcile | D13: Functional | E13: High | F13: Discovery source with rules | G13: 1. Import CSV batch 2. Resolve suggested match, conflict and duplicate | H13: CSV with externalKey | I13: Matched links updated; conflicts queued; duplicates merged through Merge (approval + execute) with recovery available.
A14: ACW-011 | B14: Asset Privacy | C14: Exception, review and retention | D14: Functional | E14: High | F14: Asset with personal data Yes | G14: 1. Record a masking gap exception (request -> approve by another) 2. Let the review date pass; complete review | H14: - | I14: Status Conditional while excepted; review completed with outcome; retention end computed.
A15: ACW-012 | B15: Asset Valuation | C15: Configuration version and recalculation | D15: Functional | E15: Medium | F15: Valuation configuration with bands | G15: 1. Approve a new configuration version 2. Run the impact analysis and recalculation with a reason | H15: - | I15: Stored values unchanged until the run; run moves categories as analysed; history kept.
A16: ACW-013 | B16: Asset Governance | C16: Snapshot and late data | D16: Functional | E16: High | F16: Organization with assets | G16: 1. Take snapshot 2. Clear an owner; Take snapshot again 3. Take snapshot without changes | H16: - | I16: Version 2 of today supersedes 1 (kept); third returns "No change".

Sheet AC Reconciliation
A1: Asset & Contract -- reconciliation (BRD 13.4.1, 19.8)
A2: The same number must appear on the screen, the dashboard and the report. Run database/deployment/16_UAT_Diagnostics_AssetContract.sql first: section 4 must be all PASS and section 5 gives the expected numbers.
A3: TC ID | B3: Screen / Menu | C3: Scenario | D3: Type | E3: Priority | F3: Pre-conditions | G3: Test Steps | H3: Test Data | I3: Expected Result | J3: Status | K3: Remarks
A4: ACR-001 | B4: Diagnostics script | C4: Script 16 reconciliation section all PASS | D4: Reconciliation | E4: High | F4: 452 / 453 run | G4: 1. Run 16_UAT_Diagnostics_AssetContract.sql for the organization | H4: @organization_id | I4: Section 4: R1-R6 PASS (SKIPPED allowed where no data); Section 3 shows no FAIL.
A5: ACR-002 | B5: Asset Register / Dashboard / Reports | C5: Lifecycle status counts | D5: Reconciliation | E5: High | F5: Script 16 section 5 | G5: 1. Filter Asset Register by each status 2. Dashboard bar Assets by lifecycle status 3. Complete Asset Register report with the status | H5: - | I5: The three totals equal section 5 "Register status".
A6: ACR-003 | B6: Dashboard / Reports | C6: Asset Value distribution | D6: Reconciliation | E6: High | F6: Script 16 section 5 | G6: 1. Dashboard bars Assets in use by Asset Value 2. Asset Value Distribution report | H6: - | I6: Equal per category and to section 5.
A7: ACR-004 | B7: Asset Attestation / Dashboard / Reports | C7: Attestation display status | D7: Reconciliation | E7: High | F7: - | G7: 1. Asset Attestation filtered to Overdue 2. Dashboard Overdue tile 3. Overdue Attestations report | H7: - | I7: Same count (open and past due = Overdue).
A8: ACR-005 | B8: Asset Contracts / Dashboard / Reports | C8: Coverage gaps | D8: Reconciliation | E8: High | F8: - | G8: 1. Coverage gaps tab 2. Dashboard Coverage gaps tile 3. Coverage Gaps report | H8: - | I8: Same count and same assets.
A9: ACR-006 | B9: Asset Privacy / Dashboard / Reports | C9: Privacy status | D9: Reconciliation | E9: High | F9: - | G9: 1. Asset Privacy filtered by status 2. Dashboard bar 3. Personal-Data Assets report with the status | H9: - | I9: Same counts (report lists applicable assets only).
A10: ACR-007 | B10: Asset Discovery / Dashboard / Reports | C10: Reconciliation queue by kind | D10: Reconciliation | E10: Medium | F10: - | G10: 1. Queue filtered by kind 2. Dashboard Open conflicts / duplicates 3. Reconciliation Queue report | H10: - | I10: Same counts.
A11: ACR-008 | B11: Asset Governance | C11: Score = its record rows | D11: Reconciliation | E11: High | F11: Snapshot taken | G11: 1. Open a KPI detail 2. Add passing and failing contributions | H11: - | I11: Numerator and denominator equal the card; failing / excluded counts equal the rows.
A12: ACR-009 | B12: Asset Reports | C12: Grid total = export rows | D12: Reconciliation | E12: High | F12: Any report | G12: 1. Run with filters; note the total 2. Export CSV | H12: - | I12: File Rows line and data rows equal the grid total; Export history shows the same filters and count.
A13: ACR-010 | B13: Asset Reports | C13: Delivered file = recipient run | D13: Reconciliation | E13: Medium | F13: Schedule with a recipient | G13: 1. Run now 2. As the recipient run the same report with the schedule filters | H13: - | I13: Delivered row count equals the recipient grid total (same data scope).

Sheet AC Reports & Delivery
A1: Asset & Contract -- report catalogue, export, schedules (BRD 13.4)
A2: Asset Reports screen. Automated counterpart: database/deployment/17_Asset_Contract_Regression_Tests.sql (UAT only, @confirm = 1).
A3: TC ID | B3: Screen / Menu | C3: Scenario | D3: Type | E3: Priority | F3: Pre-conditions | G3: Test Steps | H3: Test Data | I3: Expected Result | J3: Status | K3: Remarks
A4: ACD-001 | B4: Asset Reports | C4: Catalogue by family | D4: Functional | E4: High | F4: Admin | G4: 1. Open Asset Reports | H4: - | I4: Nine families; 47 runnable reports; 6 listed as not available with where the information is.
A5: ACD-002 | B5: Asset Reports | C5: Run with filters and paging | D5: Functional | E5: High | F5: - | G5: 1. Open a report 2. Set status / asset type / dates / days 3. Page | H5: - | I5: Only the filters the report takes are shown; totals change with the filters; paging works.
A6: ACD-003 | B6: Asset Reports | C6: Invalid filters refused | D6: Negative | E6: Medium | F6: - | G6: 1. From date after To date 2. Days 0 | H6: - | I6: Messages from 53106; nothing exported.
A7: ACD-004 | B7: Asset Reports | C7: Export CSV watermark and record | D7: Functional | E7: High | F7: Report allowed to export | G7: 1. Export CSV 2. Open the file 3. Export history | H7: - | I7: First lines: classification, report and version, organization, exported by, UTC time, export ID, filters, rows; history row with the same data.
A8: ACD-005 | B8: Asset Reports | C8: Formula-looking text is neutralised | D8: Security | E8: Medium | F8: Asset named =1+1 | G8: 1. Export Complete Asset Register | H8: Asset name =1+1 | I8: Cell shows '=1+1 as text in the spreadsheet.
A9: ACD-006 | B9: Asset Reports -> Settings | C9: Disable / classify / policy | D9: Functional | E9: High | F9: Asset Reports EDIT | G9: 1. Disable a report 2. Set classification below default 3. Set policy Disabled | H9: - | I9: 1: cannot run (53104). 2: refused (53108). 3: Export button hidden; export refused.
A10: ACD-007 | B10: Asset Reports -> Schedules | C10: Create schedule with distribution list | D10: Functional | E10: High | F10: EDIT; employees and a role | G10: 1. New schedule weekly Monday, keep 30 days, employee + role 2. Save | H10: - | I10: Next run = coming Monday (today if Monday); recipients listed.
A11: ACD-008 | B11: Asset Reports -> Schedules | C11: Validation of schedule | D11: Negative | E11: Medium | F11: - | G11: 1. Save without recipients 2. Monthly day 29 | H11: - | I11: Refused (53125, 53124).
A12: ACD-009 | B12: Asset Reports -> Schedules | C12: Run now and distribution result | D12: Functional | E12: High | F12: Schedule with one permitted and one refused recipient | G12: 1. Run now 2. Deliveries -> Recipients | H12: - | I12: Permitted DELIVERED with rows; refused SKIPPED with the reason (e.g. No VIEW permission on Asset Reports).
A13: ACD-010 | B13: Asset Reports -> My deliveries | C13: Recipient downloads | D13: Functional | E13: High | F13: Delivered file | G13: 1. As the recipient open My deliveries 2. Download | H13: - | I13: CSV with watermark and Generated at line; download recorded in Export history; download count 1.
A14: ACD-011 | B14: Asset Reports -> My deliveries | C14: Download re-checked | D14: Permission | E14: High | F14: Delivered file; then remove the recipient report screen VIEW and re-login | G14: 1. Download | H14: - | I14: Refused (403, 53129).
A15: ACD-012 | B15: Background worker | C15: Scheduled delivery once per day | D15: Functional | E15: High | F15: API running, AssetReportDeliveryEnabled = true | G15: 1. Schedule due today 2. Wait for the pass (<= 60 min) 3. Wait for the next pass | H15: - | I15: One delivery started SCHEDULED; the next pass the same day starts nothing.
A16: ACD-013 | B16: Background worker | C16: Retention removes files | D16: Functional | E16: Medium | F16: Schedule kept 1 day | G16: 1. Next day after the pass open My deliveries | H16: - | I16: File shown as Removed (retention); distribution result kept.

Sheet AC Regression
A1: Asset & Contract -- regression of every screen
A2: Smoke pass after each deployment: every screen loads for the organization, lists page, the organization picker remembers the last choice.
A3: TC ID | B3: Screen / Menu | C3: Scenario | D3: Type | E3: Priority | F3: Pre-conditions | G3: Test Steps | H3: Test Data | I3: Expected Result | J3: Status | K3: Remarks
A4: ACX-001 | B4: Dashboard | C4: Screen loads, lists and pages | D4: Regression | E4: Medium | F4: Organization with data | G4: 1. Open the screen 2. Change organization 3. Page / search the main list | H4: - | I4: No error banner; rows for the chosen organization; the picker keeps the last organization.
A5: ACX-002 | B5: Asset Register | C5: Screen loads, lists and pages | D5: Regression | E5: High | F5: Organization with data | G5: 1. Open the screen 2. Change organization 3. Page / search the main list | H5: - | I5: No error banner; rows for the chosen organization; the picker keeps the last organization.
A6: ACX-003 | B6: Field Dictionary | C6: Screen loads, lists and pages | D6: Regression | E6: Medium | F6: Organization with data | G6: 1. Open the screen 2. Change organization 3. Page / search the main list | H6: - | I6: No error banner; rows for the chosen organization; the picker keeps the last organization.
A7: ACX-004 | B7: Form Templates | C7: Screen loads, lists and pages | D7: Regression | E7: Medium | F7: Organization with data | G7: 1. Open the screen 2. Change organization 3. Page / search the main list | H7: - | I7: No error banner; rows for the chosen organization; the picker keeps the last organization.
A8: ACX-005 | B8: Valuation Configuration | C8: Screen loads, lists and pages | D8: Regression | E8: Medium | F8: Organization with data | G8: 1. Open the screen 2. Change organization 3. Page / search the main list | H8: - | I8: No error banner; rows for the chosen organization; the picker keeps the last organization.
A9: ACX-006 | B9: Option Lists | C9: Screen loads, lists and pages | D9: Regression | E9: Medium | F9: Organization with data | G9: 1. Open the screen 2. Change organization 3. Page / search the main list | H9: - | I9: No error banner; rows for the chosen organization; the picker keeps the last organization.
A10: ACX-007 | B10: Taxonomy | C10: Screen loads, lists and pages | D10: Regression | E10: Medium | F10: Organization with data | G10: 1. Open the screen 2. Change organization 3. Page / search the main list | H10: - | I10: No error banner; rows for the chosen organization; the picker keeps the last organization.
A11: ACX-008 | B11: Technology Catalogue | C11: Screen loads, lists and pages | D11: Regression | E11: Medium | F11: Organization with data | G11: 1. Open the screen 2. Change organization 3. Page / search the main list | H11: - | I11: No error banner; rows for the chosen organization; the picker keeps the last organization.
A12: ACX-009 | B12: Asset Attestation | C12: Screen loads, lists and pages | D12: Regression | E12: High | F12: Organization with data | G12: 1. Open the screen 2. Change organization 3. Page / search the main list | H12: - | I12: No error banner; rows for the chosen organization; the picker keeps the last organization.
A13: ACX-010 | B13: Asset Contracts | C13: Screen loads, lists and pages | D13: Regression | E13: High | F13: Organization with data | G13: 1. Open the screen 2. Change organization 3. Page / search the main list | H13: - | I13: No error banner; rows for the chosen organization; the picker keeps the last organization.
A14: ACX-011 | B14: Asset Notifications | C14: Screen loads, lists and pages | D14: Regression | E14: Medium | F14: Organization with data | G14: 1. Open the screen 2. Change organization 3. Page / search the main list | H14: - | I14: No error banner; rows for the chosen organization; the picker keeps the last organization.
A15: ACX-012 | B15: Asset Activities | C15: Screen loads, lists and pages | D15: Regression | E15: Medium | F15: Organization with data | G15: 1. Open the screen 2. Change organization 3. Page / search the main list | H15: - | I15: No error banner; rows for the chosen organization; the picker keeps the last organization.
... A23: ACX-020 | B23: Database | C23: Regression test script | D23: Regression | E23: High | F23: UAT database | G23: 1. Set @confirm = 1 in 17_Asset_Contract_Regression_Tests.sql and run | H23: - | I23: All tests PASS (SKIPPED only where the organization lacks a permitted / refused employee); test data removed.
